severity	updateDate	comments	line	author	rule	project	effort	messageFormattings	message	creationDate	type	quickFixAvailable	tags	component	flows	scope	textRange	debt	key	hash	status
MINOR	2023-02-12T16:05:28+0000		154.0		python:S117	BNumMet	2min		"Rename this parameter ""A"" to match the regular expression ^[_a-z][a-z0-9_]*$."	2023-02-12T16:05:28+0000	CODE_SMELL	false	"convention / "	BNumMet:src/BNumMet/LinearSystems.py		MAIN	{startLine=154.0, endLine=154.0, startOffset=25.0, endOffset=26.0}	2min	AYZGYOuMK3-6EP2jdlGs	88e4af42bff6ec225c9ef13ff5c86496	OPEN
MINOR	2023-02-12T16:05:28+0000		208.0		python:S117	BNumMet	2min		"Rename this parameter ""A"" to match the regular expression ^[_a-z][a-z0-9_]*$."	2023-02-12T16:05:28+0000	CODE_SMELL	false	"convention / "	BNumMet:src/BNumMet/LinearSystems.py		MAIN	{startLine=208.0, endLine=208.0, startOffset=26.0, endOffset=27.0}	2min	AYZGYOuMK3-6EP2jdlGt	b9fc7551853337618d57d317d57c37c5	OPEN
MINOR	2023-02-12T16:05:28+0000		259.0		python:S117	BNumMet	2min		"Rename this parameter ""A"" to match the regular expression ^[_a-z][a-z0-9_]*$."	2023-02-12T16:05:28+0000	CODE_SMELL	false	"convention / "	BNumMet:src/BNumMet/LinearSystems.py		MAIN	{startLine=259.0, endLine=259.0, startOffset=13.0, endOffset=14.0}	2min	AYZGYOuMK3-6EP2jdlGu	714fe6b139acd98db97c3c0c9bb8e921	OPEN
MINOR	2023-02-12T16:05:28+0000		283.0		python:S117	BNumMet	2min		"Rename this parameter ""A"" to match the regular expression ^[_a-z][a-z0-9_]*$."	2023-02-12T16:05:28+0000	CODE_SMELL	false	"convention / "	BNumMet:src/BNumMet/LinearSystems.py		MAIN	{startLine=283.0, endLine=283.0, startOffset=21.0, endOffset=22.0}	2min	AYZGYOuMK3-6EP2jdlGv	716f070491d55880f3174d789b33f51e	OPEN
MINOR	2023-02-12T16:05:28+0000		335.0		python:S117	BNumMet	2min		"Rename this parameter ""A"" to match the regular expression ^[_a-z][a-z0-9_]*$."	2023-02-12T16:05:28+0000	CODE_SMELL	false	"convention / "	BNumMet:src/BNumMet/LinearSystems.py		MAIN	{startLine=335.0, endLine=335.0, startOffset=13.0, endOffset=14.0}	2min	AYZGYOuMK3-6EP2jdlGw	89513b82e2b8841153e805865614fb27	OPEN
MINOR	2023-02-12T16:01:45+0000		126.0		python:S116	BNumMet	2min		"Rename this field ""Toolbar"" to match the regular expression ^[_a-z][_a-z0-9]*$."	2023-02-12T16:01:45+0000	CODE_SMELL	false	"convention / "	BNumMet:src/BNumMet/Visualizers/NonLinearVisualizer.py		MAIN	{startLine=126.0, endLine=126.0, startOffset=13.0, endOffset=20.0}	2min	AYZGXX8vK3-6EP2jdk5j	154fbc6ed1542cd4059f2c90b1793709	OPEN
MINOR	2023-02-12T16:01:45+0000		478.0		python:S117	BNumMet	2min		"Rename this local variable ""fX"" to match the regular expression ^[_a-z][a-z0-9_]*$."	2023-02-12T16:01:45+0000	CODE_SMELL	false	"convention / "	BNumMet:src/BNumMet/Visualizers/NonLinearVisualizer.py		MAIN	{startLine=478.0, endLine=478.0, startOffset=8.0, endOffset=10.0}	2min	AYZGXX8vK3-6EP2jdk5k	fdcc6b8935ca268e2e51e612ba371107	OPEN
MINOR	2023-02-12T16:01:45+0000		479.0		python:S117	BNumMet	2min		"Rename this local variable ""yminMax"" to match the regular expression ^[_a-z][a-z0-9_]*$."	2023-02-12T16:01:45+0000	CODE_SMELL	false	"convention / "	BNumMet:src/BNumMet/Visualizers/NonLinearVisualizer.py		MAIN	{startLine=479.0, endLine=479.0, startOffset=8.0, endOffset=15.0}	2min	AYZGXX8vK3-6EP2jdk5l	62b6e19ab433585d836c8ece7148d3a0	OPEN
CRITICAL	2023-02-12T15:52:22+0000		211.0		python:S3776	BNumMet	24min		Refactor this function to reduce its Cognitive Complexity from 34 to the 15 allowed.	2023-02-12T15:52:22+0000	CODE_SMELL	false	"brain-overload / "	BNumMet:src/BNumMet/NonLinear.py	"{locations=[{component=BNumMet:src/BNumMet/NonLinear.py, textRange={startLine=236.0, endLine=236.0, startOffset=4.0, endOffset=6.0}, msg=+1, msgFormattings=[]}]} / {locations=[{component=BNumMet:src/BNumMet/NonLinear.py, textRange={startLine=243.0, endLine=243.0, startOffset=4.0, endOffset=6.0}, msg=+1, msgFormattings=[]}]} / {locations=[{component=BNumMet:src/BNumMet/NonLinear.py, textRange={startLine=255.0, endLine=255.0, startOffset=4.0, endOffset=9.0}, msg=+1, msgFormattings=[]}]} / {locations=[{component=BNumMet:src/BNumMet/NonLinear.py, textRange={startLine=255.0, endLine=255.0, startOffset=36.0, endOffset=39.0}, msg=+1, msgFormattings=[]}]} / {locations=[{component=BNumMet:src/BNumMet/NonLinear.py, textRange={startLine=259.0, endLine=259.0, startOffset=8.0, endOffset=10.0}, msg=+2 (incl 1 for nesting), msgFormattings=[]}]} / {locations=[{component=BNumMet:src/BNumMet/NonLinear.py, textRange={startLine=259.0, endLine=259.0, startOffset=30.0, endOffset=32.0}, msg=+1, msgFormattings=[]}]} / {locations=[{component=BNumMet:src/BNumMet/NonLinear.py, textRange={startLine=263.0, endLine=263.0, startOffset=8.0, endOffset=12.0}, msg=+1, msgFormattings=[]}]} / {locations=[{component=BNumMet:src/BNumMet/NonLinear.py, textRange={startLine=266.0, endLine=266.0, startOffset=12.0, endOffset=14.0}, msg=+3 (incl 2 for nesting), msgFormattings=[]}]} / {locations=[{component=BNumMet:src/BNumMet/NonLinear.py, textRange={startLine=270.0, endLine=270.0, startOffset=12.0, endOffset=16.0}, msg=+1, msgFormattings=[]}]} / {locations=[{component=BNumMet:src/BNumMet/NonLinear.py, textRange={startLine=278.0, endLine=278.0, startOffset=12.0, endOffset=14.0}, msg=+3 (incl 2 for nesting), msgFormattings=[]}]} / {locations=[{component=BNumMet:src/BNumMet/NonLinear.py, textRange={startLine=280.0, endLine=280.0, startOffset=12.0, endOffset=16.0}, msg=+1, msgFormattings=[]}]} / {locations=[{component=BNumMet:src/BNumMet/NonLinear.py, textRange={startLine=287.0, endLine=287.0, startOffset=12.0, endOffset=14.0}, msg=+3 (incl 2 for nesting), msgFormattings=[]}]} / {locations=[{component=BNumMet:src/BNumMet/NonLinear.py, textRange={startLine=287.0, endLine=287.0, startOffset=54.0, endOffset=57.0}, msg=+1, msgFormattings=[]}]} / {locations=[{component=BNumMet:src/BNumMet/NonLinear.py, textRange={startLine=290.0, endLine=290.0, startOffset=45.0, endOffset=47.0}, msg=+4 (incl 3 for nesting), msgFormattings=[]}]} / {locations=[{component=BNumMet:src/BNumMet/NonLinear.py, textRange={startLine=291.0, endLine=291.0, startOffset=12.0, endOffset=16.0}, msg=+1, msgFormattings=[]}]} / {locations=[{component=BNumMet:src/BNumMet/NonLinear.py, textRange={startLine=299.0, endLine=299.0, startOffset=15.0, endOffset=17.0}, msg=+2 (incl 1 for nesting), msgFormattings=[]}]} / {locations=[{component=BNumMet:src/BNumMet/NonLinear.py, textRange={startLine=306.0, endLine=306.0, startOffset=8.0, endOffset=10.0}, msg=+2 (incl 1 for nesting), msgFormattings=[]}]} / {locations=[{component=BNumMet:src/BNumMet/NonLinear.py, textRange={startLine=310.0, endLine=310.0, startOffset=8.0, endOffset=12.0}, msg=+1, msgFormattings=[]}]} / {locations=[{component=BNumMet:src/BNumMet/NonLinear.py, textRange={startLine=320.0, endLine=320.0, startOffset=4.0, endOffset=6.0}, msg=+1, msgFormattings=[]}]} / {locations=[{component=BNumMet:src/BNumMet/NonLinear.py, textRange={startLine=320.0, endLine=320.0, startOffset=13.0, endOffset=16.0}, msg=+1, msgFormattings=[]}]} / {locations=[{component=BNumMet:src/BNumMet/NonLinear.py, textRange={startLine=322.0, endLine=322.0, startOffset=4.0, endOffset=6.0}, msg=+1, msgFormattings=[]}]} / {locations=[{component=BNumMet:src/BNumMet/NonLinear.py, textRange={startLine=324.0, endLine=324.0, startOffset=4.0, endOffset=6.0}, msg=+1, msgFormattings=[]}]} / "	MAIN	{startLine=211.0, endLine=211.0, startOffset=4.0, endOffset=16.0}	24min	AYZGVOA9K3-6EP2jdksH	f8bffdc2cfb90824ef7e801047bd3d72	OPEN
MINOR	2023-02-12T15:52:22+0000		12.0		python:S116	BNumMet	2min		"Rename this field ""brentDekker"" to match the regular expression ^[_a-z][_a-z0-9]*$."	2023-02-12T15:52:22+0000	CODE_SMELL	false	"convention / "	BNumMet:src/BNumMet/Visualizers/NonLinearVisualizer.py		MAIN	{startLine=12.0, endLine=12.0, startOffset=13.0, endOffset=24.0}	2min	AYZGVOAuK3-6EP2jdkrl	00e240ccc442d036216cbe21364fa4f8	OPEN
MINOR	2023-02-12T15:52:22+0000		37.0		python:S116	BNumMet	2min		"Rename this field ""currentStep"" to match the regular expression ^[_a-z][_a-z0-9]*$."	2023-02-12T15:52:22+0000	CODE_SMELL	false	"convention / "	BNumMet:src/BNumMet/Visualizers/NonLinearVisualizer.py		MAIN	{startLine=37.0, endLine=37.0, startOffset=13.0, endOffset=24.0}	2min	AYZGVOAuK3-6EP2jdkri	7ea036c08ac3e4f5842d61571b8bbd12	OPEN
MINOR	2023-02-12T15:52:22+0000		41.0		python:S116	BNumMet	2min		"Rename this field ""revertStack"" to match the regular expression ^[_a-z][_a-z0-9]*$."	2023-02-12T15:52:22+0000	CODE_SMELL	false	"convention / "	BNumMet:src/BNumMet/Visualizers/NonLinearVisualizer.py		MAIN	{startLine=41.0, endLine=41.0, startOffset=13.0, endOffset=24.0}	2min	AYZGVOAuK3-6EP2jdkrs	9685033fd5c5e029dd9fdc24e8b9b2fa	OPEN
MINOR	2023-02-12T15:52:22+0000		48.0		python:S100	BNumMet	5min		"Rename method ""checkBoxChanged"" to match the regular expression ^[a-z_][a-z0-9_]*$."	2023-02-12T15:52:22+0000	CODE_SMELL	false	"convention / "	BNumMet:src/BNumMet/Visualizers/NonLinearVisualizer.py		MAIN	{startLine=48.0, endLine=48.0, startOffset=8.0, endOffset=23.0}	5min	AYZGVOAuK3-6EP2jdkrt	6df8c88953964a0875682e3854ea0a23	OPEN
MINOR	2023-02-12T15:52:22+0000		52.0		python:S100	BNumMet	5min		"Rename method ""sectionINT"" to match the regular expression ^[a-z_][a-z0-9_]*$."	2023-02-12T15:52:22+0000	CODE_SMELL	false	"convention / "	BNumMet:src/BNumMet/Visualizers/NonLinearVisualizer.py		MAIN	{startLine=52.0, endLine=52.0, startOffset=8.0, endOffset=18.0}	5min	AYZGVOAuK3-6EP2jdkru	1cf386d87dc2fff5e00af571464d0bcd	OPEN
MINOR	2023-02-12T15:52:22+0000		56.0		python:S100	BNumMet	5min		"Rename method ""sectionEXT"" to match the regular expression ^[a-z_][a-z0-9_]*$."	2023-02-12T15:52:22+0000	CODE_SMELL	false	"convention / "	BNumMet:src/BNumMet/Visualizers/NonLinearVisualizer.py		MAIN	{startLine=56.0, endLine=56.0, startOffset=8.0, endOffset=18.0}	5min	AYZGVOAuK3-6EP2jdkrv	5565d7a67b3ad046b21d9ac7c9bfb585	OPEN
MINOR	2023-02-12T15:52:22+0000		82.0		python:S116	BNumMet	2min		"Rename this field ""brentDekkerOut"" to match the regular expression ^[_a-z][_a-z0-9]*$."	2023-02-12T15:52:22+0000	CODE_SMELL	false	"convention / "	BNumMet:src/BNumMet/Visualizers/NonLinearVisualizer.py		MAIN	{startLine=82.0, endLine=82.0, startOffset=13.0, endOffset=27.0}	2min	AYZGVOAuK3-6EP2jdkrm	cbb3b082b6d988ac47aa9929a7ae6bb3	OPEN
MINOR	2023-02-12T15:52:22+0000		137.0		python:S116	BNumMet	2min		"Rename this field ""bisectButton"" to match the regular expression ^[_a-z][_a-z0-9]*$."	2023-02-12T15:52:22+0000	CODE_SMELL	false	"convention / "	BNumMet:src/BNumMet/Visualizers/NonLinearVisualizer.py		MAIN	{startLine=137.0, endLine=137.0, startOffset=13.0, endOffset=25.0}	2min	AYZGVOAuK3-6EP2jdkrf	a1753a6ade8855672b5544214937a1a7	OPEN
MINOR	2023-02-12T15:52:22+0000		146.0		python:S116	BNumMet	2min		"Rename this field ""secantButton"" to match the regular expression ^[_a-z][_a-z0-9]*$."	2023-02-12T15:52:22+0000	CODE_SMELL	false	"convention / "	BNumMet:src/BNumMet/Visualizers/NonLinearVisualizer.py		MAIN	{startLine=146.0, endLine=146.0, startOffset=13.0, endOffset=25.0}	2min	AYZGVOAuK3-6EP2jdkrh	8ab5fbf7d627cf2bc44dec6a51331134	OPEN
MINOR	2023-02-12T15:52:22+0000		155.0		python:S116	BNumMet	2min		"Rename this field ""IQIButton"" to match the regular expression ^[_a-z][_a-z0-9]*$."	2023-02-12T15:52:22+0000	CODE_SMELL	false	"convention / "	BNumMet:src/BNumMet/Visualizers/NonLinearVisualizer.py		MAIN	{startLine=155.0, endLine=155.0, startOffset=13.0, endOffset=22.0}	2min	AYZGVOAuK3-6EP2jdkrn	8cc0e4670f74187a5df7341d0b9be184	OPEN
MINOR	2023-02-12T15:52:22+0000		165.0		python:S116	BNumMet	2min		"Rename this field ""bisectCheckbox"" to match the regular expression ^[_a-z][_a-z0-9]*$."	2023-02-12T15:52:22+0000	CODE_SMELL	false	"convention / "	BNumMet:src/BNumMet/Visualizers/NonLinearVisualizer.py		MAIN	{startLine=165.0, endLine=165.0, startOffset=13.0, endOffset=27.0}	2min	AYZGVOAuK3-6EP2jdkrg	c6d82aa95382078437ec30152460c9a3	OPEN
MINOR	2023-02-12T15:52:22+0000		174.0		python:S116	BNumMet	2min		"Rename this field ""secantCheckbox"" to match the regular expression ^[_a-z][_a-z0-9]*$."	2023-02-12T15:52:22+0000	CODE_SMELL	false	"convention / "	BNumMet:src/BNumMet/Visualizers/NonLinearVisualizer.py		MAIN	{startLine=174.0, endLine=174.0, startOffset=13.0, endOffset=27.0}	2min	AYZGVOAuK3-6EP2jdkrj	1a2612eb35918c2d1f38e7ab9c2edf37	OPEN
MINOR	2023-02-12T15:52:22+0000		182.0		python:S116	BNumMet	2min		"Rename this field ""IQICheckbox"" to match the regular expression ^[_a-z][_a-z0-9]*$."	2023-02-12T15:52:22+0000	CODE_SMELL	false	"convention / "	BNumMet:src/BNumMet/Visualizers/NonLinearVisualizer.py		MAIN	{startLine=182.0, endLine=182.0, startOffset=13.0, endOffset=24.0}	2min	AYZGVOAuK3-6EP2jdkrp	5495ebf0b9ce94a63de45b5020b9b7d3	OPEN
MINOR	2023-02-12T15:52:22+0000		196.0		python:S117	BNumMet	2min		"Rename this local variable ""textGroup"" to match the regular expression ^[_a-z][a-z0-9_]*$."	2023-02-12T15:52:22+0000	CODE_SMELL	false	"convention / "	BNumMet:src/BNumMet/Visualizers/NonLinearVisualizer.py		MAIN	{startLine=196.0, endLine=196.0, startOffset=8.0, endOffset=17.0}	2min	AYZGVOAuK3-6EP2jdkry	5560d54401d1249459ff6bfe6d61e85d	OPEN
MINOR	2023-02-12T15:52:22+0000		210.0		python:S117	BNumMet	2min		"Rename this local variable ""buttonsGroup"" to match the regular expression ^[_a-z][a-z0-9_]*$."	2023-02-12T15:52:22+0000	CODE_SMELL	false	"convention / "	BNumMet:src/BNumMet/Visualizers/NonLinearVisualizer.py		MAIN	{startLine=210.0, endLine=210.0, startOffset=8.0, endOffset=20.0}	2min	AYZGVOAuK3-6EP2jdkrw	fd67a88864ae4df85002e3efd31b16e0	OPEN
MINOR	2023-02-12T15:52:22+0000		215.0		python:S117	BNumMet	2min		"Rename this local variable ""buttonsGroup2"" to match the regular expression ^[_a-z][a-z0-9_]*$."	2023-02-12T15:52:22+0000	CODE_SMELL	false	"convention / "	BNumMet:src/BNumMet/Visualizers/NonLinearVisualizer.py		MAIN	{startLine=215.0, endLine=215.0, startOffset=8.0, endOffset=21.0}	2min	AYZGVOAuK3-6EP2jdkrx	a37c8df9c7f273b3d94ca695e3dc8e72	OPEN
MINOR	2023-02-12T15:52:22+0000		223.0		python:S100	BNumMet	5min		"Rename method ""defaultLines"" to match the regular expression ^[a-z_][a-z0-9_]*$."	2023-02-12T15:52:22+0000	CODE_SMELL	false	"convention / "	BNumMet:src/BNumMet/Visualizers/NonLinearVisualizer.py		MAIN	{startLine=223.0, endLine=223.0, startOffset=8.0, endOffset=20.0}	5min	AYZGVOAuK3-6EP2jdkrz	f623542effdd0856407f11e1d047c527	OPEN
MINOR	2023-02-12T15:52:22+0000		225.0		python:S116	BNumMet	2min		"Rename this field ""hLine"" to match the regular expression ^[_a-z][_a-z0-9]*$."	2023-02-12T15:52:22+0000	CODE_SMELL	false	"convention / "	BNumMet:src/BNumMet/Visualizers/NonLinearVisualizer.py		MAIN	{startLine=225.0, endLine=225.0, startOffset=13.0, endOffset=18.0}	2min	AYZGVOAuK3-6EP2jdkrk	909ec31583976f16dfcaea8a7dc8c466	OPEN
MINOR	2023-02-12T15:52:22+0000		234.0		python:S116	BNumMet	2min		"Rename this field ""functionLine"" to match the regular expression ^[_a-z][_a-z0-9]*$."	2023-02-12T15:52:22+0000	CODE_SMELL	false	"convention / "	BNumMet:src/BNumMet/Visualizers/NonLinearVisualizer.py		MAIN	{startLine=234.0, endLine=234.0, startOffset=13.0, endOffset=25.0}	2min	AYZGVOAuK3-6EP2jdkrq	96c9111181fd6ceb2d22d014def70719	OPEN
MINOR	2023-02-12T15:52:22+0000		254.0		python:S117	BNumMet	2min		"Rename this local variable ""newB"" to match the regular expression ^[_a-z][a-z0-9_]*$."	2023-02-12T15:52:22+0000	CODE_SMELL	false	"convention / "	BNumMet:src/BNumMet/Visualizers/NonLinearVisualizer.py		MAIN	{startLine=254.0, endLine=254.0, startOffset=8.0, endOffset=12.0}	2min	AYZGVOAuK3-6EP2jdkr0	2cd27f908f63a187141d7356ac001848	OPEN
MINOR	2023-02-12T15:52:22+0000		301.0		python:S100	BNumMet	5min		"Rename method ""oneStep"" to match the regular expression ^[a-z_][a-z0-9_]*$."	2023-02-12T15:52:22+0000	CODE_SMELL	false	"convention / "	BNumMet:src/BNumMet/Visualizers/NonLinearVisualizer.py		MAIN	{startLine=301.0, endLine=301.0, startOffset=8.0, endOffset=15.0}	5min	AYZGVOAuK3-6EP2jdkr1	e7fd4bef5e1a6fd00b66db424eef15c5	OPEN
MINOR	2023-02-12T15:52:22+0000		312.0		python:S100	BNumMet	5min		"Rename method ""drawFigures"" to match the regular expression ^[a-z_][a-z0-9_]*$."	2023-02-12T15:52:22+0000	CODE_SMELL	false	"convention / "	BNumMet:src/BNumMet/Visualizers/NonLinearVisualizer.py		MAIN	{startLine=312.0, endLine=312.0, startOffset=8.0, endOffset=19.0}	5min	AYZGVOAuK3-6EP2jdkr4	5e50034e67d5868929d99e9c0b6e70a6	OPEN
MINOR	2023-02-12T15:52:22+0000		353.0		python:S117	BNumMet	2min		"Rename this parameter ""maxY"" to match the regular expression ^[_a-z][a-z0-9_]*$."	2023-02-12T15:52:22+0000	CODE_SMELL	false	"convention / "	BNumMet:src/BNumMet/Visualizers/NonLinearVisualizer.py		MAIN	{startLine=353.0, endLine=353.0, startOffset=33.0, endOffset=37.0}	2min	AYZGVOAuK3-6EP2jdkr5	2593537ba8e0d2233b9dda692b0ac08d	OPEN
MINOR	2023-02-12T15:52:22+0000		353.0		python:S117	BNumMet	2min		"Rename this parameter ""minY"" to match the regular expression ^[_a-z][a-z0-9_]*$."	2023-02-12T15:52:22+0000	CODE_SMELL	false	"convention / "	BNumMet:src/BNumMet/Visualizers/NonLinearVisualizer.py		MAIN	{startLine=353.0, endLine=353.0, startOffset=27.0, endOffset=31.0}	2min	AYZGVOAuK3-6EP2jdkr6	2593537ba8e0d2233b9dda692b0ac08d	OPEN
MINOR	2023-02-12T15:52:22+0000		367.0		python:S117	BNumMet	2min		"Rename this parameter ""maxY"" to match the regular expression ^[_a-z][a-z0-9_]*$."	2023-02-12T15:52:22+0000	CODE_SMELL	false	"convention / "	BNumMet:src/BNumMet/Visualizers/NonLinearVisualizer.py		MAIN	{startLine=367.0, endLine=367.0, startOffset=36.0, endOffset=40.0}	2min	AYZGVOAuK3-6EP2jdkr-	af2b9276f30bb24436e8f07ff7ab5cef	OPEN
MINOR	2023-02-12T15:52:22+0000		367.0		python:S117	BNumMet	2min		"Rename this parameter ""minY"" to match the regular expression ^[_a-z][a-z0-9_]*$."	2023-02-12T15:52:22+0000	CODE_SMELL	false	"convention / "	BNumMet:src/BNumMet/Visualizers/NonLinearVisualizer.py		MAIN	{startLine=367.0, endLine=367.0, startOffset=30.0, endOffset=34.0}	2min	AYZGVOAuK3-6EP2jdkr_	af2b9276f30bb24436e8f07ff7ab5cef	OPEN
MINOR	2023-02-12T15:52:22+0000		369.0		python:S117	BNumMet	2min		"Rename this local variable ""interpolY"" to match the regular expression ^[_a-z][a-z0-9_]*$."	2023-02-12T15:52:22+0000	CODE_SMELL	false	"convention / "	BNumMet:src/BNumMet/Visualizers/NonLinearVisualizer.py		MAIN	{startLine=369.0, endLine=369.0, startOffset=12.0, endOffset=21.0}	2min	AYZGVOAuK3-6EP2jdkr9	3c53e21040344132dddd74134c24417b	OPEN
MINOR	2023-02-12T15:52:22+0000		370.0		python:S117	BNumMet	2min		"Rename this local variable ""interpolX"" to match the regular expression ^[_a-z][a-z0-9_]*$."	2023-02-12T15:52:22+0000	CODE_SMELL	false	"convention / "	BNumMet:src/BNumMet/Visualizers/NonLinearVisualizer.py		MAIN	{startLine=370.0, endLine=370.0, startOffset=12.0, endOffset=21.0}	2min	AYZGVOAuK3-6EP2jdkr8	57865c48b9f49b388dd99e59c5297a1e	OPEN
MINOR	2023-02-12T15:52:22+0000		371.0		python:S117	BNumMet	2min		"Rename this local variable ""yMesh"" to match the regular expression ^[_a-z][a-z0-9_]*$."	2023-02-12T15:52:22+0000	CODE_SMELL	false	"convention / "	BNumMet:src/BNumMet/Visualizers/NonLinearVisualizer.py		MAIN	{startLine=371.0, endLine=371.0, startOffset=12.0, endOffset=17.0}	2min	AYZGVOAuK3-6EP2jdksB	c39e2dd821557a030f3af1787269d9ff	OPEN
MINOR	2023-02-12T15:52:22+0000		384.0		python:S117	BNumMet	2min		"Rename this local variable ""xMesh"" to match the regular expression ^[_a-z][a-z0-9_]*$."	2023-02-12T15:52:22+0000	CODE_SMELL	false	"convention / "	BNumMet:src/BNumMet/Visualizers/NonLinearVisualizer.py		MAIN	{startLine=384.0, endLine=384.0, startOffset=12.0, endOffset=17.0}	2min	AYZGVOAuK3-6EP2jdksA	645ff6dd302eb57e769dc7c60ed3b671	OPEN
MINOR	2023-02-12T15:52:22+0000		386.0		python:S117	BNumMet	2min		"Rename this local variable ""IQILine"" to match the regular expression ^[_a-z][a-z0-9_]*$."	2023-02-12T15:52:22+0000	CODE_SMELL	false	"convention / "	BNumMet:src/BNumMet/Visualizers/NonLinearVisualizer.py		MAIN	{startLine=386.0, endLine=386.0, startOffset=12.0, endOffset=19.0}	2min	AYZGVOAuK3-6EP2jdkr7	1711dce25cc5887fd4895ef1629006da	OPEN
MINOR	2023-02-12T15:52:22+0000		411.0		python:S117	BNumMet	2min		"Rename this local variable ""minMax"" to match the regular expression ^[_a-z][a-z0-9_]*$."	2023-02-12T15:52:22+0000	CODE_SMELL	false	"convention / "	BNumMet:src/BNumMet/Visualizers/NonLinearVisualizer.py		MAIN	{startLine=411.0, endLine=411.0, startOffset=8.0, endOffset=14.0}	2min	AYZGVOAuK3-6EP2jdkr2	0d21db2dd810ef863714711c049e4233	OPEN
MINOR	2023-02-12T15:52:22+0000		494.0		python:S100	BNumMet	5min		"Rename method ""updateOuputs"" to match the regular expression ^[a-z_][a-z0-9_]*$."	2023-02-12T15:52:22+0000	CODE_SMELL	false	"convention / "	BNumMet:src/BNumMet/Visualizers/NonLinearVisualizer.py		MAIN	{startLine=494.0, endLine=494.0, startOffset=8.0, endOffset=20.0}	5min	AYZGVOAuK3-6EP2jdksC	ac20d472238a1a312dd05cfd4bfa94e9	OPEN
MINOR	2023-02-12T15:52:22+0000		526.0		python:S100	BNumMet	5min		"Rename method ""brentDekker_Step"" to match the regular expression ^[a-z_][a-z0-9_]*$."	2023-02-12T15:52:22+0000	CODE_SMELL	false	"convention / "	BNumMet:src/BNumMet/Visualizers/NonLinearVisualizer.py		MAIN	{startLine=526.0, endLine=526.0, startOffset=8.0, endOffset=24.0}	5min	AYZGVOAuK3-6EP2jdksF	2a0f3be1335655869eb2103b5cd57f42	OPEN
CRITICAL	2023-02-12T16:46:45+0000		526.0		python:S3776	BNumMet	7min		Refactor this function to reduce its Cognitive Complexity from 17 to the 15 allowed.	2023-02-12T15:52:22+0000	CODE_SMELL	false	"brain-overload / "	BNumMet:src/BNumMet/Visualizers/NonLinearVisualizer.py	"{locations=[{component=BNumMet:src/BNumMet/Visualizers/NonLinearVisualizer.py, textRange={startLine=543.0, endLine=543.0, startOffset=8.0, endOffset=10.0}, msg=+1, msgFormattings=[]}]} / {locations=[{component=BNumMet:src/BNumMet/Visualizers/NonLinearVisualizer.py, textRange={startLine=543.0, endLine=543.0, startOffset=59.0, endOffset=61.0}, msg=+1, msgFormattings=[]}]} / {locations=[{component=BNumMet:src/BNumMet/Visualizers/NonLinearVisualizer.py, textRange={startLine=563.0, endLine=563.0, startOffset=8.0, endOffset=10.0}, msg=+1, msgFormattings=[]}]} / {locations=[{component=BNumMet:src/BNumMet/Visualizers/NonLinearVisualizer.py, textRange={startLine=568.0, endLine=568.0, startOffset=8.0, endOffset=12.0}, msg=+1, msgFormattings=[]}]} / {locations=[{component=BNumMet:src/BNumMet/Visualizers/NonLinearVisualizer.py, textRange={startLine=580.0, endLine=580.0, startOffset=12.0, endOffset=14.0}, msg=+2 (incl 1 for nesting), msgFormattings=[]}]} / {locations=[{component=BNumMet:src/BNumMet/Visualizers/NonLinearVisualizer.py, textRange={startLine=582.0, endLine=582.0, startOffset=12.0, endOffset=16.0}, msg=+1, msgFormattings=[]}]} / {locations=[{component=BNumMet:src/BNumMet/Visualizers/NonLinearVisualizer.py, textRange={startLine=587.0, endLine=587.0, startOffset=8.0, endOffset=10.0}, msg=+1, msgFormattings=[]}]} / {locations=[{component=BNumMet:src/BNumMet/Visualizers/NonLinearVisualizer.py, textRange={startLine=590.0, endLine=590.0, startOffset=8.0, endOffset=12.0}, msg=+1, msgFormattings=[]}]} / {locations=[{component=BNumMet:src/BNumMet/Visualizers/NonLinearVisualizer.py, textRange={startLine=596.0, endLine=596.0, startOffset=17.0, endOffset=19.0}, msg=+1, msgFormattings=[]}]} / {locations=[{component=BNumMet:src/BNumMet/Visualizers/NonLinearVisualizer.py, textRange={startLine=602.0, endLine=602.0, startOffset=17.0, endOffset=19.0}, msg=+1, msgFormattings=[]}]} / {locations=[{component=BNumMet:src/BNumMet/Visualizers/NonLinearVisualizer.py, textRange={startLine=605.0, endLine=605.0, startOffset=21.0, endOffset=23.0}, msg=+1, msgFormattings=[]}]} / {locations=[{component=BNumMet:src/BNumMet/Visualizers/NonLinearVisualizer.py, textRange={startLine=609.0, endLine=609.0, startOffset=8.0, endOffset=10.0}, msg=+1, msgFormattings=[]}]} / {locations=[{component=BNumMet:src/BNumMet/Visualizers/NonLinearVisualizer.py, textRange={startLine=611.0, endLine=611.0, startOffset=10.0, endOffset=13.0}, msg=+1, msgFormattings=[]}]} / {locations=[{component=BNumMet:src/BNumMet/Visualizers/NonLinearVisualizer.py, textRange={startLine=612.0, endLine=612.0, startOffset=30.0, endOffset=32.0}, msg=+2 (incl 1 for nesting), msgFormattings=[]}]} / {locations=[{component=BNumMet:src/BNumMet/Visualizers/NonLinearVisualizer.py, textRange={startLine=613.0, endLine=613.0, startOffset=8.0, endOffset=12.0}, msg=+1, msgFormattings=[]}]} / "	MAIN	{startLine=526.0, endLine=526.0, startOffset=8.0, endOffset=24.0}	7min	AYZGVOAuK3-6EP2jdksG	2a0f3be1335655869eb2103b5cd57f42	OPEN
MINOR	2023-02-12T15:52:22+0000		544.0		python:S116	BNumMet	2min		"Rename this field ""hintStep"" to match the regular expression ^[_a-z][_a-z0-9]*$."	2023-02-12T15:52:22+0000	CODE_SMELL	false	"convention / "	BNumMet:src/BNumMet/Visualizers/NonLinearVisualizer.py		MAIN	{startLine=544.0, endLine=544.0, startOffset=17.0, endOffset=25.0}	2min	AYZGVOAuK3-6EP2jdkro	f20a381d799d841f1ae68aef1e2bceac	OPEN
MINOR	2023-02-12T15:52:22+0000		545.0		python:S116	BNumMet	2min		"Rename this field ""nextPoints_addition"" to match the regular expression ^[_a-z][_a-z0-9]*$."	2023-02-12T15:52:22+0000	CODE_SMELL	false	"convention / "	BNumMet:src/BNumMet/Visualizers/NonLinearVisualizer.py		MAIN	{startLine=545.0, endLine=545.0, startOffset=17.0, endOffset=36.0}	2min	AYZGVOAuK3-6EP2jdkrr	33be697c0322a0030d34ab17ef0351d0	OPEN
MINOR	2023-02-12T15:52:22+0000		551.0		python:S117	BNumMet	2min		"Rename this local variable ""nextPoints_addition"" to match the regular expression ^[_a-z][a-z0-9_]*$."	2023-02-12T15:52:22+0000	CODE_SMELL	false	"convention / "	BNumMet:src/BNumMet/Visualizers/NonLinearVisualizer.py		MAIN	{startLine=551.0, endLine=551.0, startOffset=8.0, endOffset=27.0}	2min	AYZGVOAuK3-6EP2jdksD	763543a9a6104b09311278b4ec511d64	OPEN
MINOR	2023-02-12T15:52:22+0000		562.0		python:S117	BNumMet	2min		"Rename this local variable ""pqPair"" to match the regular expression ^[_a-z][a-z0-9_]*$."	2023-02-12T15:52:22+0000	CODE_SMELL	false	"convention / "	BNumMet:src/BNumMet/Visualizers/NonLinearVisualizer.py		MAIN	{startLine=562.0, endLine=562.0, startOffset=8.0, endOffset=14.0}	2min	AYZGVOAuK3-6EP2jdksE	11add0169c26a501c677fc3b590050b7	OPEN
MINOR	2023-02-12T15:35:14+0000		115.0		python:S117	BNumMet	2min		"Rename this local variable ""minMax"" to match the regular expression ^[_a-z][a-z0-9_]*$."	2023-02-12T15:35:14+0000	CODE_SMELL	false	"convention / "	BNumMet:src/BNumMet/Visualizers/InterpolationVisualizer.py		MAIN	{startLine=115.0, endLine=115.0, startOffset=8.0, endOffset=14.0}	2min	AYZGRTiAK3-6EP2jdj3W	2109369e1f1d00e1f72f401abb351ba1	OPEN
MINOR	2023-02-12T15:35:14+0000		157.0		python:S100	BNumMet	5min		"Rename method ""oneStep"" to match the regular expression ^[a-z_][a-z0-9_]*$."	2023-02-12T15:35:14+0000	CODE_SMELL	false	"convention / "	BNumMet:src/BNumMet/Visualizers/LUVisualizer.py		MAIN	{startLine=157.0, endLine=157.0, startOffset=8.0, endOffset=15.0}	5min	AYZGRTh2K3-6EP2jdj3S	5a42b4a498be540a02fa6603510b039c	OPEN
CRITICAL	2023-02-12T15:35:14+0000		287.0		python:S3776	BNumMet	19min		Refactor this function to reduce its Cognitive Complexity from 29 to the 15 allowed.	2023-02-12T15:35:14+0000	CODE_SMELL	false	"brain-overload / "	BNumMet:src/BNumMet/Visualizers/LUVisualizer.py	"{locations=[{component=BNumMet:src/BNumMet/Visualizers/LUVisualizer.py, textRange={startLine=290.0, endLine=290.0, startOffset=4.0, endOffset=6.0}, msg=+1, msgFormattings=[]}]} / {locations=[{component=BNumMet:src/BNumMet/Visualizers/LUVisualizer.py, textRange={startLine=291.0, endLine=291.0, startOffset=8.0, endOffset=11.0}, msg=+2 (incl 1 for nesting), msgFormattings=[]}]} / {locations=[{component=BNumMet:src/BNumMet/Visualizers/LUVisualizer.py, textRange={startLine=295.0, endLine=295.0, startOffset=4.0, endOffset=8.0}, msg=+1, msgFormattings=[]}]} / {locations=[{component=BNumMet:src/BNumMet/Visualizers/LUVisualizer.py, textRange={startLine=297.0, endLine=297.0, startOffset=8.0, endOffset=11.0}, msg=+2 (incl 1 for nesting), msgFormattings=[]}]} / {locations=[{component=BNumMet:src/BNumMet/Visualizers/LUVisualizer.py, textRange={startLine=298.0, endLine=298.0, startOffset=12.0, endOffset=15.0}, msg=+3 (incl 2 for nesting), msgFormattings=[]}]} / {locations=[{component=BNumMet:src/BNumMet/Visualizers/LUVisualizer.py, textRange={startLine=299.0, endLine=299.0, startOffset=16.0, endOffset=18.0}, msg=+4 (incl 3 for nesting), msgFormattings=[]}]} / {locations=[{component=BNumMet:src/BNumMet/Visualizers/LUVisualizer.py, textRange={startLine=299.0, endLine=299.0, startOffset=40.0, endOffset=42.0}, msg=+1, msgFormattings=[]}]} / {locations=[{component=BNumMet:src/BNumMet/Visualizers/LUVisualizer.py, textRange={startLine=299.0, endLine=299.0, startOffset=27.0, endOffset=29.0}, msg=+1, msgFormattings=[]}]} / {locations=[{component=BNumMet:src/BNumMet/Visualizers/LUVisualizer.py, textRange={startLine=301.0, endLine=301.0, startOffset=16.0, endOffset=20.0}, msg=+1, msgFormattings=[]}]} / {locations=[{component=BNumMet:src/BNumMet/Visualizers/LUVisualizer.py, textRange={startLine=304.0, endLine=304.0, startOffset=4.0, endOffset=8.0}, msg=+1, msgFormattings=[]}]} / {locations=[{component=BNumMet:src/BNumMet/Visualizers/LUVisualizer.py, textRange={startLine=306.0, endLine=306.0, startOffset=8.0, endOffset=11.0}, msg=+2 (incl 1 for nesting), msgFormattings=[]}]} / {locations=[{component=BNumMet:src/BNumMet/Visualizers/LUVisualizer.py, textRange={startLine=307.0, endLine=307.0, startOffset=12.0, endOffset=15.0}, msg=+3 (incl 2 for nesting), msgFormattings=[]}]} / {locations=[{component=BNumMet:src/BNumMet/Visualizers/LUVisualizer.py, textRange={startLine=308.0, endLine=308.0, startOffset=16.0, endOffset=18.0}, msg=+4 (incl 3 for nesting), msgFormattings=[]}]} / {locations=[{component=BNumMet:src/BNumMet/Visualizers/LUVisualizer.py, textRange={startLine=308.0, endLine=308.0, startOffset=43.0, endOffset=46.0}, msg=+1, msgFormattings=[]}]} / {locations=[{component=BNumMet:src/BNumMet/Visualizers/LUVisualizer.py, textRange={startLine=310.0, endLine=310.0, startOffset=16.0, endOffset=20.0}, msg=+1, msgFormattings=[]}]} / {locations=[{component=BNumMet:src/BNumMet/Visualizers/LUVisualizer.py, textRange={startLine=316.0, endLine=316.0, startOffset=21.0, endOffset=23.0}, msg=+1, msgFormattings=[]}]} / "	MAIN	{startLine=287.0, endLine=287.0, startOffset=4.0, endOffset=23.0}	19min	AYZGRTh2K3-6EP2jdj3U	f7269c285791bc056199835beef3cf37	OPEN
MAJOR	2023-02-12T15:31:11+0000		211.0		python:S1542	BNumMet	10min		"Rename function ""zBrentDekker"" to match the regular expression ^[a-z_][a-z0-9_]*$."	2023-02-12T15:31:11+0000	CODE_SMELL	false	"convention / "	BNumMet:src/BNumMet/NonLinear.py		MAIN	{startLine=211.0, endLine=211.0, startOffset=4.0, endOffset=16.0}	10min	AYZGQXYpK3-6EP2jdjqR	f8bffdc2cfb90824ef7e801047bd3d72	OPEN
MINOR	2023-02-12T15:31:11+0000		309.0		python:S116	BNumMet	2min		"Rename this field ""checkboxesVbox"" to match the regular expression ^[_a-z][_a-z0-9]*$."	2023-02-12T15:31:11+0000	CODE_SMELL	false	"convention / "	BNumMet:src/BNumMet/Visualizers/InterpolationVisualizer.py		MAIN	{startLine=309.0, endLine=309.0, startOffset=13.0, endOffset=27.0}	2min	AYZGQXYYK3-6EP2jdjqL	b2cbdaf29d0d12191e80bf693d9252f0	OPEN
MINOR	2023-02-12T14:53:37+0000		4.0		python:S117	BNumMet	2min		"Rename this parameter ""Matrix"" to match the regular expression ^[_a-z][a-z0-9_]*$."	2023-02-12T14:53:37+0000	CODE_SMELL	false	"convention / "	BNumMet:src/BNumMet/LinearSystems.py		MAIN	{startLine=4.0, endLine=4.0, startOffset=7.0, endOffset=13.0}	2min	AYZGHxBJK3-6EP2jdh3W	aefa9c6ec6fa266489841ddf866642b6	OPEN
MINOR	2023-02-12T14:53:37+0000		43.0		python:S117	BNumMet	2min		"Rename this local variable ""iMax"" to match the regular expression ^[_a-z][a-z0-9_]*$."	2023-02-12T14:53:37+0000	CODE_SMELL	false	"convention / "	BNumMet:src/BNumMet/LinearSystems.py		MAIN	{startLine=43.0, endLine=43.0, startOffset=8.0, endOffset=12.0}	2min	AYZGHxBJK3-6EP2jdh3X	b90e99beefa1f01cc99d49dc54a5c802	OPEN
MINOR	2023-02-12T14:53:37+0000		67.0		python:S117	BNumMet	2min		"Rename this parameter ""L"" to match the regular expression ^[_a-z][a-z0-9_]*$."	2023-02-12T14:53:37+0000	CODE_SMELL	false	"convention / "	BNumMet:src/BNumMet/LinearSystems.py		MAIN	{startLine=67.0, endLine=67.0, startOffset=22.0, endOffset=23.0}	2min	AYZGHxBJK3-6EP2jdh3Y	672a67767127b7179a107bd594939d67	OPEN
MINOR	2023-02-12T14:53:37+0000		67.0		python:S117	BNumMet	2min		"Rename this parameter ""P"" to match the regular expression ^[_a-z][a-z0-9_]*$."	2023-02-12T14:53:37+0000	CODE_SMELL	false	"convention / "	BNumMet:src/BNumMet/LinearSystems.py		MAIN	{startLine=67.0, endLine=67.0, startOffset=19.0, endOffset=20.0}	2min	AYZGHxBJK3-6EP2jdh3Z	672a67767127b7179a107bd594939d67	OPEN
MINOR	2023-02-12T14:53:37+0000		67.0		python:S117	BNumMet	2min		"Rename this parameter ""U"" to match the regular expression ^[_a-z][a-z0-9_]*$."	2023-02-12T14:53:37+0000	CODE_SMELL	false	"convention / "	BNumMet:src/BNumMet/LinearSystems.py		MAIN	{startLine=67.0, endLine=67.0, startOffset=25.0, endOffset=26.0}	2min	AYZGHxBJK3-6EP2jdh3a	672a67767127b7179a107bd594939d67	OPEN
MINOR	2023-02-12T14:53:37+0000		11.0		python:S117	BNumMet	2min		"Rename this parameter ""xInitial"" to match the regular expression ^[_a-z][a-z0-9_]*$."	2023-02-12T14:53:37+0000	CODE_SMELL	false	"convention / "	BNumMet:src/BNumMet/Visualizers/InterpolationVisualizer.py		MAIN	{startLine=11.0, endLine=11.0, startOffset=8.0, endOffset=16.0}	2min	AYZGHxAvK3-6EP2jdh3S	6f5fb8b6e035501d94835551356b8781	OPEN
MINOR	2023-02-12T14:53:37+0000		12.0		python:S117	BNumMet	2min		"Rename this parameter ""yInitial"" to match the regular expression ^[_a-z][a-z0-9_]*$."	2023-02-12T14:53:37+0000	CODE_SMELL	false	"convention / "	BNumMet:src/BNumMet/Visualizers/InterpolationVisualizer.py		MAIN	{startLine=12.0, endLine=12.0, startOffset=8.0, endOffset=16.0}	2min	AYZGHxAvK3-6EP2jdh3T	e79bcbdd339858ed3638ebf8489815a9	OPEN
MINOR	2023-02-12T14:53:37+0000		13.0		python:S117	BNumMet	2min		"Rename this parameter ""uInitial"" to match the regular expression ^[_a-z][a-z0-9_]*$."	2023-02-12T14:53:37+0000	CODE_SMELL	false	"convention / "	BNumMet:src/BNumMet/Visualizers/InterpolationVisualizer.py		MAIN	{startLine=13.0, endLine=13.0, startOffset=8.0, endOffset=16.0}	2min	AYZGHxAvK3-6EP2jdh3R	f5976aac2d7f11b33845e925cd9596ea	OPEN
MINOR	2023-02-12T14:53:37+0000		132.0		python:S117	BNumMet	2min		"Rename this local variable ""yVals"" to match the regular expression ^[_a-z][a-z0-9_]*$."	2023-02-12T14:53:37+0000	CODE_SMELL	false	"convention / "	BNumMet:src/BNumMet/Visualizers/InterpolationVisualizer.py		MAIN	{startLine=132.0, endLine=132.0, startOffset=8.0, endOffset=13.0}	2min	AYZGHxAvK3-6EP2jdh3V	5336176c600167f830286166f8a8d53c	OPEN
MINOR	2023-02-12T14:53:37+0000		165.0		python:S116	BNumMet	2min		"Rename this field ""interpolationLines"" to match the regular expression ^[_a-z][_a-z0-9]*$."	2023-02-12T14:53:37+0000	CODE_SMELL	false	"convention / "	BNumMet:src/BNumMet/Visualizers/InterpolationVisualizer.py		MAIN	{startLine=165.0, endLine=165.0, startOffset=13.0, endOffset=31.0}	2min	AYZGHxAvK3-6EP2jdh3Q	642320043f623c3d533e78c91c73b329	OPEN
MINOR	2023-02-12T14:53:37+0000		232.0		python:S117	BNumMet	2min		"Rename this local variable ""toUpdate"" to match the regular expression ^[_a-z][a-z0-9_]*$."	2023-02-12T14:53:37+0000	CODE_SMELL	false	"convention / "	BNumMet:src/BNumMet/Visualizers/InterpolationVisualizer.py		MAIN	{startLine=232.0, endLine=232.0, startOffset=12.0, endOffset=20.0}	2min	AYZGHxAvK3-6EP2jdh3U	37777ba800609f68d7fe10170fb9cee1	OPEN
MINOR	2023-02-12T14:53:37+0000		108.0		python:S117	BNumMet	2min		"Rename this parameter ""funPrime"" to match the regular expression ^[_a-z][a-z0-9_]*$."	2023-02-12T14:51:42+0000	CODE_SMELL	false	"convention / "	BNumMet:src/BNumMet/NonLinear.py		MAIN	{startLine=108.0, endLine=108.0, startOffset=16.0, endOffset=24.0}	2min	AYZGHVmrK3-6EP2jdhtw	1f4788a348e0920e4268addd4785fd7b	OPEN
MINOR	2023-02-12T14:53:37+0000		108.0		python:S117	BNumMet	2min		"Rename this parameter ""startPoint"" to match the regular expression ^[_a-z][a-z0-9_]*$."	2023-02-12T14:51:42+0000	CODE_SMELL	false	"convention / "	BNumMet:src/BNumMet/NonLinear.py		MAIN	{startLine=108.0, endLine=108.0, startOffset=26.0, endOffset=36.0}	2min	AYZGHVmrK3-6EP2jdhty	1f4788a348e0920e4268addd4785fd7b	OPEN
MINOR	2023-02-12T14:53:37+0000		126.0		python:S117	BNumMet	2min		"Rename this local variable ""previousX"" to match the regular expression ^[_a-z][a-z0-9_]*$."	2023-02-12T14:51:42+0000	CODE_SMELL	false	"convention / "	BNumMet:src/BNumMet/NonLinear.py		MAIN	{startLine=126.0, endLine=126.0, startOffset=4.0, endOffset=13.0}	2min	AYZGHVmrK3-6EP2jdhtx	712b84e1705a03250662a5a63a9e8eaa	OPEN
MINOR	2023-02-12T14:53:37+0000		168.0		python:S117	BNumMet	2min		"Rename this parameter ""xVals"" to match the regular expression ^[_a-z][a-z0-9_]*$."	2023-02-12T14:51:42+0000	CODE_SMELL	false	"convention / "	BNumMet:src/BNumMet/NonLinear.py		MAIN	{startLine=168.0, endLine=168.0, startOffset=11.0, endOffset=16.0}	2min	AYZGHVmsK3-6EP2jdht1	50c809dd3d93cd2cd91515520cdae865	OPEN
MAJOR	2023-02-12T14:53:37+0000		168.0		python:S1542	BNumMet	10min		"Rename function ""IQI"" to match the regular expression ^[a-z_][a-z0-9_]*$."	2023-02-12T14:51:42+0000	CODE_SMELL	false	"convention / "	BNumMet:src/BNumMet/NonLinear.py		MAIN	{startLine=168.0, endLine=168.0, startOffset=4.0, endOffset=7.0}	10min	AYZGHVmsK3-6EP2jdht2	50c809dd3d93cd2cd91515520cdae865	OPEN
MINOR	2023-02-12T14:51:42+0000		30.0		python:S116	BNumMet	2min		"Rename this field ""Originals"" to match the regular expression ^[_a-z][_a-z0-9]*$."	2023-02-12T14:51:42+0000	CODE_SMELL	false	"convention / "	BNumMet:src/BNumMet/Visualizers/InterpolationVisualizer.py		MAIN	{startLine=30.0, endLine=30.0, startOffset=13.0, endOffset=22.0}	2min	AYZGHVmeK3-6EP2jdhtF	0f8a52e264266f259aa4ee6c87a9a5b1	OPEN
MINOR	2023-02-12T14:51:42+0000		39.0		python:S100	BNumMet	5min		"Rename method ""initializeComponents"" to match the regular expression ^[a-z_][a-z0-9_]*$."	2023-02-12T14:51:42+0000	CODE_SMELL	false	"convention / "	BNumMet:src/BNumMet/Visualizers/InterpolationVisualizer.py		MAIN	{startLine=39.0, endLine=39.0, startOffset=8.0, endOffset=28.0}	5min	AYZGHVmeK3-6EP2jdhtN	04a00d10926c4de076faf416e148c67b	OPEN
MINOR	2023-02-12T14:51:42+0000		137.0		python:S100	BNumMet	5min		"Rename method ""scatterDots"" to match the regular expression ^[a-z_][a-z0-9_]*$."	2023-02-12T14:51:42+0000	CODE_SMELL	false	"convention / "	BNumMet:src/BNumMet/Visualizers/InterpolationVisualizer.py		MAIN	{startLine=137.0, endLine=137.0, startOffset=8.0, endOffset=19.0}	5min	AYZGHVmeK3-6EP2jdhtO	e71871976b17468670ff9a3f64b898b0	OPEN
MINOR	2023-02-12T14:51:42+0000		143.0		python:S116	BNumMet	2min		"Rename this field ""ScatteredDots"" to match the regular expression ^[_a-z][_a-z0-9]*$."	2023-02-12T14:51:42+0000	CODE_SMELL	false	"convention / "	BNumMet:src/BNumMet/Visualizers/InterpolationVisualizer.py		MAIN	{startLine=143.0, endLine=143.0, startOffset=13.0, endOffset=26.0}	2min	AYZGHVmeK3-6EP2jdhtE	70f5bcc06b8ec6dbadbd92ba6914e7bc	OPEN
MINOR	2023-02-12T14:51:42+0000		160.0		python:S100	BNumMet	5min		"Rename method ""interpolLines"" to match the regular expression ^[a-z_][a-z0-9_]*$."	2023-02-12T14:51:42+0000	CODE_SMELL	false	"convention / "	BNumMet:src/BNumMet/Visualizers/InterpolationVisualizer.py		MAIN	{startLine=160.0, endLine=160.0, startOffset=8.0, endOffset=21.0}	5min	AYZGHVmeK3-6EP2jdhtP	4426aa2f964dbdc0f379cfedc762b324	OPEN
MINOR	2023-02-12T14:51:42+0000		181.0		python:S100	BNumMet	5min		"Rename method ""update_X"" to match the regular expression ^[a-z_][a-z0-9_]*$."	2023-02-12T14:51:42+0000	CODE_SMELL	false	"convention / "	BNumMet:src/BNumMet/Visualizers/InterpolationVisualizer.py		MAIN	{startLine=181.0, endLine=181.0, startOffset=8.0, endOffset=16.0}	5min	AYZGHVmeK3-6EP2jdhtQ	270ffc3c7ffaf847ddb433ccae37b262	OPEN
MINOR	2023-02-12T14:51:42+0000		204.0		python:S100	BNumMet	5min		"Rename method ""update_Y"" to match the regular expression ^[a-z_][a-z0-9_]*$."	2023-02-12T14:51:42+0000	CODE_SMELL	false	"convention / "	BNumMet:src/BNumMet/Visualizers/InterpolationVisualizer.py		MAIN	{startLine=204.0, endLine=204.0, startOffset=8.0, endOffset=16.0}	5min	AYZGHVmeK3-6EP2jdhtT	4a37971daaa8d482128082cfc7a48dc6	OPEN
MINOR	2023-02-12T14:51:42+0000		299.0		python:S116	BNumMet	2min		"Rename this field ""Fig"" to match the regular expression ^[_a-z][_a-z0-9]*$."	2023-02-12T14:51:42+0000	CODE_SMELL	false	"convention / "	BNumMet:src/BNumMet/Visualizers/InterpolationVisualizer.py		MAIN	{startLine=299.0, endLine=299.0, startOffset=13.0, endOffset=16.0}	2min	AYZGHVmeK3-6EP2jdhtD	8343a0c507ea2a36003d9c7afe5db66c	OPEN
MINOR	2023-02-12T14:51:42+0000		307.0		python:S116	BNumMet	2min		"Rename this field ""Toolbar"" to match the regular expression ^[_a-z][_a-z0-9]*$."	2023-02-12T14:51:42+0000	CODE_SMELL	false	"convention / "	BNumMet:src/BNumMet/Visualizers/InterpolationVisualizer.py		MAIN	{startLine=307.0, endLine=307.0, startOffset=13.0, endOffset=20.0}	2min	AYZGHVmeK3-6EP2jdhtI	154fbc6ed1542cd4059f2c90b1793709	OPEN
MINOR	2023-02-12T14:51:42+0000		33.0		python:S116	BNumMet	2min		"Rename this field ""previousSteps"" to match the regular expression ^[_a-z][_a-z0-9]*$."	2023-02-12T14:51:42+0000	CODE_SMELL	false	"convention / "	BNumMet:src/BNumMet/Visualizers/LUVisualizer.py		MAIN	{startLine=33.0, endLine=33.0, startOffset=13.0, endOffset=26.0}	2min	AYZGHVmZK3-6EP2jdhs3	6116f8f909291ad86d648fa184472358	OPEN
MINOR	2023-02-12T14:51:42+0000		35.0		python:S100	BNumMet	5min		"Rename method ""initializeComponents"" to match the regular expression ^[a-z_][a-z0-9_]*$."	2023-02-12T14:51:42+0000	CODE_SMELL	false	"convention / "	BNumMet:src/BNumMet/Visualizers/LUVisualizer.py		MAIN	{startLine=35.0, endLine=35.0, startOffset=8.0, endOffset=28.0}	5min	AYZGHVmZK3-6EP2jdhs7	04a00d10926c4de076faf416e148c67b	OPEN
MINOR	2023-02-12T14:51:42+0000		46.0		python:S116	BNumMet	2min		"Rename this field ""outP"" to match the regular expression ^[_a-z][_a-z0-9]*$."	2023-02-12T14:51:42+0000	CODE_SMELL	false	"convention / "	BNumMet:src/BNumMet/Visualizers/LUVisualizer.py		MAIN	{startLine=46.0, endLine=46.0, startOffset=13.0, endOffset=17.0}	2min	AYZGHVmZK3-6EP2jdhs6	65a553405f13c6b8a3321aaf8af91cac	OPEN
MINOR	2023-02-12T14:51:42+0000		55.0		python:S116	BNumMet	2min		"Rename this field ""outL"" to match the regular expression ^[_a-z][_a-z0-9]*$."	2023-02-12T14:51:42+0000	CODE_SMELL	false	"convention / "	BNumMet:src/BNumMet/Visualizers/LUVisualizer.py		MAIN	{startLine=55.0, endLine=55.0, startOffset=13.0, endOffset=17.0}	2min	AYZGHVmZK3-6EP2jdhs0	830bc7f00442ad3efe4dd98abcaa046e	OPEN
MINOR	2023-02-12T14:51:42+0000		64.0		python:S116	BNumMet	2min		"Rename this field ""outU"" to match the regular expression ^[_a-z][_a-z0-9]*$."	2023-02-12T14:51:42+0000	CODE_SMELL	false	"convention / "	BNumMet:src/BNumMet/Visualizers/LUVisualizer.py		MAIN	{startLine=64.0, endLine=64.0, startOffset=13.0, endOffset=17.0}	2min	AYZGHVmZK3-6EP2jdhs4	d1ad297666d2c6d99c8fe6b4eac971c9	OPEN
MINOR	2023-02-12T14:51:42+0000		73.0		python:S116	BNumMet	2min		"Rename this field ""outChecker"" to match the regular expression ^[_a-z][_a-z0-9]*$."	2023-02-12T14:51:42+0000	CODE_SMELL	false	"convention / "	BNumMet:src/BNumMet/Visualizers/LUVisualizer.py		MAIN	{startLine=73.0, endLine=73.0, startOffset=13.0, endOffset=23.0}	2min	AYZGHVmZK3-6EP2jdhs5	51fad383c37cd7413ddad4467d44c42b	OPEN
MINOR	2023-02-12T14:51:42+0000		82.0		python:S116	BNumMet	2min		"Rename this field ""previousButton"" to match the regular expression ^[_a-z][_a-z0-9]*$."	2023-02-12T14:51:42+0000	CODE_SMELL	false	"convention / "	BNumMet:src/BNumMet/Visualizers/LUVisualizer.py		MAIN	{startLine=82.0, endLine=82.0, startOffset=13.0, endOffset=27.0}	2min	AYZGHVmZK3-6EP2jdhsy	34d34de3f981a4eda33706abdd2e7b0e	OPEN
MINOR	2023-02-12T14:51:42+0000		92.0		python:S116	BNumMet	2min		"Rename this field ""resetButton"" to match the regular expression ^[_a-z][_a-z0-9]*$."	2023-02-12T14:51:42+0000	CODE_SMELL	false	"convention / "	BNumMet:src/BNumMet/Visualizers/LUVisualizer.py		MAIN	{startLine=92.0, endLine=92.0, startOffset=13.0, endOffset=24.0}	2min	AYZGHVmZK3-6EP2jdhsz	ff38cba176e17e3489261d37e5b509d7	OPEN
MINOR	2023-02-12T14:51:42+0000		103.0		python:S116	BNumMet	2min		"Rename this field ""buttonsMatrix"" to match the regular expression ^[_a-z][_a-z0-9]*$."	2023-02-12T14:51:42+0000	CODE_SMELL	false	"convention / "	BNumMet:src/BNumMet/Visualizers/LUVisualizer.py		MAIN	{startLine=103.0, endLine=103.0, startOffset=13.0, endOffset=26.0}	2min	AYZGHVmZK3-6EP2jdhsx	0920cc80852cc03ca86fce22c32684d5	OPEN
MINOR	2023-02-12T14:51:42+0000		130.0		python:S100	BNumMet	5min		"Rename method ""matrixPivotButton"" to match the regular expression ^[a-z_][a-z0-9_]*$."	2023-02-12T14:51:42+0000	CODE_SMELL	false	"convention / "	BNumMet:src/BNumMet/Visualizers/LUVisualizer.py		MAIN	{startLine=130.0, endLine=130.0, startOffset=8.0, endOffset=25.0}	5min	AYZGHVmZK3-6EP2jdhs8	6de2646fa36fbe07d12e3907822bf42c	OPEN
MINOR	2023-02-12T14:51:42+0000		165.0		python:S100	BNumMet	5min		"Rename method ""updateButtons"" to match the regular expression ^[a-z_][a-z0-9_]*$."	2023-02-12T14:51:42+0000	CODE_SMELL	false	"convention / "	BNumMet:src/BNumMet/Visualizers/LUVisualizer.py		MAIN	{startLine=165.0, endLine=165.0, startOffset=8.0, endOffset=21.0}	5min	AYZGHVmZK3-6EP2jdhs9	b748f24da687531c154c1862c59fc2a7	OPEN
MINOR	2023-02-12T14:51:42+0000		206.0		python:S100	BNumMet	5min		"Rename method ""updateOutput"" to match the regular expression ^[a-z_][a-z0-9_]*$."	2023-02-12T14:51:42+0000	CODE_SMELL	false	"convention / "	BNumMet:src/BNumMet/Visualizers/LUVisualizer.py		MAIN	{startLine=206.0, endLine=206.0, startOffset=8.0, endOffset=20.0}	5min	AYZGHVmZK3-6EP2jdhs-	76611356a1f63a8979c183e826f3bad9	OPEN
MINOR	2023-02-12T14:51:42+0000		225.0		python:S100	BNumMet	5min		"Rename method ""previousStep"" to match the regular expression ^[a-z_][a-z0-9_]*$."	2023-02-12T14:51:42+0000	CODE_SMELL	false	"convention / "	BNumMet:src/BNumMet/Visualizers/LUVisualizer.py		MAIN	{startLine=225.0, endLine=225.0, startOffset=8.0, endOffset=20.0}	5min	AYZGHVmZK3-6EP2jdhtA	308567e6ed7ed55bd64a059746e1867c	OPEN
MINOR	2023-02-12T14:53:37+0000		67.0		python:S100	BNumMet	5min		"Rename method ""initializeComponents"" to match the regular expression ^[a-z_][a-z0-9_]*$."	2023-02-12T14:51:42+0000	CODE_SMELL	false	"convention / "	BNumMet:src/BNumMet/Visualizers/NonLinearVisualizer.py		MAIN	{startLine=67.0, endLine=67.0, startOffset=8.0, endOffset=28.0}	5min	AYZGHVmlK3-6EP2jdhtd	04a00d10926c4de076faf416e148c67b	OPEN
MINOR	2023-02-12T14:53:37+0000		72.0		python:S116	BNumMet	2min		"Rename this field ""currentSolOut"" to match the regular expression ^[_a-z][_a-z0-9]*$."	2023-02-12T14:51:42+0000	CODE_SMELL	false	"convention / "	BNumMet:src/BNumMet/Visualizers/NonLinearVisualizer.py		MAIN	{startLine=72.0, endLine=72.0, startOffset=13.0, endOffset=26.0}	2min	AYZGHVmlK3-6EP2jdhtV	885dbf9bbddafc5acaba18c992f09156	OPEN
MINOR	2023-02-12T14:53:37+0000		77.0		python:S116	BNumMet	2min		"Rename this field ""helperOut"" to match the regular expression ^[_a-z][_a-z0-9]*$."	2023-02-12T14:51:42+0000	CODE_SMELL	false	"convention / "	BNumMet:src/BNumMet/Visualizers/NonLinearVisualizer.py		MAIN	{startLine=77.0, endLine=77.0, startOffset=13.0, endOffset=22.0}	2min	AYZGHVmlK3-6EP2jdhtY	9739cd37188e8057c0889fc627f2a945	OPEN
MINOR	2023-02-12T14:53:37+0000		88.0		python:S116	BNumMet	2min		"Rename this field ""resetButton"" to match the regular expression ^[_a-z][_a-z0-9]*$."	2023-02-12T14:51:42+0000	CODE_SMELL	false	"convention / "	BNumMet:src/BNumMet/Visualizers/NonLinearVisualizer.py		MAIN	{startLine=88.0, endLine=88.0, startOffset=13.0, endOffset=24.0}	2min	AYZGHVmlK3-6EP2jdhtb	ff38cba176e17e3489261d37e5b509d7	OPEN
MINOR	2023-02-12T14:53:37+0000		99.0		python:S116	BNumMet	2min		"Rename this field ""revertButton"" to match the regular expression ^[_a-z][_a-z0-9]*$."	2023-02-12T14:51:42+0000	CODE_SMELL	false	"convention / "	BNumMet:src/BNumMet/Visualizers/NonLinearVisualizer.py		MAIN	{startLine=99.0, endLine=99.0, startOffset=13.0, endOffset=25.0}	2min	AYZGHVmlK3-6EP2jdhtc	6881f0c233a85e9f53675d15eb02cde9	OPEN
MINOR	2023-02-12T14:53:37+0000		121.0		python:S116	BNumMet	2min		"Rename this field ""Fig"" to match the regular expression ^[_a-z][_a-z0-9]*$."	2023-02-12T14:51:42+0000	CODE_SMELL	false	"convention / "	BNumMet:src/BNumMet/Visualizers/NonLinearVisualizer.py		MAIN	{startLine=121.0, endLine=121.0, startOffset=13.0, endOffset=16.0}	2min	AYZGHVmlK3-6EP2jdhtZ	8343a0c507ea2a36003d9c7afe5db66c	OPEN
